kakaku,[Palit Microsystems] NE6207SS19P2-1040J (GeForce RTX2070 SUPER JS 8GB) [PCIExp 8GB] ドスパラWeb限定モデル,54395,587314
kakaku,[MSI] GeForce RTX 2070 SUPER VENTUS OC [PCIExp 8GB],59378,641116
kakaku,[ASUS] ROG-STRIX-RTX2070S-A8G-GAMING [PCIExp 8GB],67303,726684
kakaku,[玄人志向] GALAKURO GAMING GG-RTX2070SP-E8GB/DF [PCIExp 8GB],56078,605485
kakaku,[GIGABYTE] GV-N207SGAMING OC-8GD [PCIExp 8GB],58278,629239
kakaku,[MSI] GeForce RTX 2070 SUPER VENTUS [PCIExp 8GB],58800,634875
kakaku,[ZOTAC] ZOTAC GAMING GeForce RTX 2070 SUPER MINI ZT-T20710E-10M [PCIExp 8GB],61600,665108
kakaku,[MSI] GeForce RTX 2070 SUPER GAMING X TRIO [PCIExp 8GB],69780,753429
kakaku,[玄人志向] GALAKURO GK-RTX2070SP-E8GB/WHITE/TP [PCIExp 8GB],60478,652993
kakaku,[Colorful] GeForce RTX 2070 SUPER 8G [PCIExp 8GB],58800,634875
kakaku,[MSI] GeForce RTX 2070 SUPER 8G [PCIExp 8GB],79750,861077
kakaku,[GIGABYTE] GV-N207SGAMING OC-8GC [PCIExp 8GB],62700,676984
kakaku,[ASUS] ROG-STRIX-RTX2070S-O8G-GAMING [PCIExp 8GB],67980,733994
kakaku,[玄人志向] GALAKURO GAMING GG-RTX2070SP-E8GB/FAVgaming [PCIExp 8GB],65978,712378
kakaku,[ZOTAC] ZOTAC GAMING GeForce RTX 2070 SUPER AMP Extreme ZT-T20710B-10P [PCIExp 8GB],61980,669210
kakaku,[ZOTAC] ZOTAC GAMING GeForce RTX 2070 SUPER AMP ZT-T20710D-10P [PCIExp 8GB],62458,674372
kakaku,[ZOTAC] ZOTAC GAMING GeForce RTX 2070 SUPER Twin Fan ZT-T20710F-10P [PCIExp 8GB],59800,645673
kakaku,[Palit Microsystems] NE6207SS19P2-180T (GeForce RTX2070 SUPER GP PREMIUM) [PCIExp 8GB] ドスパラWeb限定モデル,61900,668347
kakaku,[ELSA] ELSA GeForce RTX 2070 Super ERAZOR GAMING GD2070-8GERSES [PCIExp 8GB],67422,727969
kakaku,[ASUS] DUAL-RTX2070S-O8G-EVO [PCIExp 8GB],65999,712604
kakaku,[ASUS] DUAL-RTX2070S-8G-EVO [PCIExp 8GB],59950,647292
kakaku,[ASUS] TURBO-RTX2070S-8G-EVO [PCIExp 8GB],63800,688861
kakaku,[GIGABYTE] GV-N207SGAMING OC WHITE-8GD [PCIExp 8GB],66800,721253
kakaku,[GIGABYTE] AORUS GV-N207SAORUS-8GC [PCIExp 8GB],73516,793767
dospara,Palit  NE6207SS19P2-1040J (GeForce RTX2070 SUPER JS 8GB)　お一人様2個まで　商品コード：0000460499-158813,56980,615224
dospara,MSI  GeForce RTX 2070 SUPER VENTUS OC (GeForce RTX2070 SUPER 8GB)　商品コード：0000460740-158978,61908,668433
dospara,MSI  GeForce RTX 2070 SUPER VENTUS (GeForce RTX 2070 SUPER 8GB）　商品コード：0000463795-161532,58801,634886
dospara,ASUS  DUAL-RTX2070S-8G-EVO (GeForce RTX 2070 SUPER 8GB)　商品コード：0000461369-159481,59950,647292
dospara,ASUS  ROG-STRIX-RTX2070S-A8G-GAMING (ROG Strix GeForce RTX 2070 SUPER Advanced edition 8GB)　商品コード：0000461084-159251,73301,791446
dospara,MSI  GeForce RTX 2070 SUPER GAMING Z TRIO (GeForce RTX2070 SUPER 8GB)　商品コード：0000463564-161330,79750,861077
dospara,MSI  GeForce RTX 2070 SUPER GAMING X TRIO (GeForce RTX 2070 SUPER 8GB)　商品コード：0000461631-159684,69850,754184
dospara,ASUS  DUAL-RTX2070S-O8G-EVO (GeForce RTX2070 SUPER 8GB)　商品コード：0000461078-159243,68523,739857
dospara,玄人志向  GG-RTX2070SP-E8GB/DF (GeForce RTX2070 SUPER 8GB)　商品コード：0000460754-158992,56561,610700
dospara,Palit  NE6207SS19P2-180T (GeForce RTX2070 SUPER GP PREMIUM)　商品コード：0000464023-161698,61900,668347
dospara,ASUS  ROG-STRIX-RTX2070S-O8G-GAMING (GeForce RTX 2070 SUPER OC Edition 8GB)　商品コード：0000463106-160899,67980,733994
dospara,ZOTAC  ZT-T20710B-10P (GeForce RTX 2070 SUPER AMP Extreme 8GB)　商品コード：0000461151-159317,61981,669221
dospara,GIGABYTE  GV-N207SGAMING OC-8GC (GeForc RTX2070 SUPER 8GB)　商品コード：0000460759-158997,62700,676984
pckoubou,GIGABYTE GV-N207SGAMING OC-8GD,58278,629239
pckoubou,玄人志向 GG-RTX2070SP-E8GB/DF,58278,629239
pckoubou,ZOTAC ZT-2070S-8G-TWIN/ZT-T20710F-10P,58278,629239
pckoubou,MSI GeForce RTX 2070 SUPER VENTUS OC,59378,641116
pckoubou,玄人志向 GK-RTX2070SP-E8GB/WHITE/TP,60478,652993
pckoubou,ASUS TURBO-RTX2070S-8G-EVO,64240,693612
pckoubou,ZOTAC ZT-2070S-8G-MINI/ZT-T20710E-10M,64878,700501
pckoubou,GIGABYTE GV-N207SGAMING OC WHITE-8GD,66801,721264
pckoubou,ELSA GeForce RTX 2070 Super ERAZOR GAMING / GD2070-8GERSES,67422,727969
pckoubou,MSI GeForce RTX 2070 SUPER GAMING X TRIO,69781,753439
pckoubou,ASUS DUAL-RTX2070S-O8G-EVO,71680,773943
pckoubou,玄人志向 GG-RTX2070SP-E8GB/FAVgaming,73260,791003
pckoubou,GIGABYTE GV-N207SAORUS-8GC,73516,793767
pckoubou,ASUS ROG-STRIX-RTX2070S-A8G-GAMING,75880,819292
pckoubou,MSI GeForce RTX 2070 SUPER GAMING Z TRIO,76560,826634
